date,ticker,return_1m,index_return,target,return_lag1,ret_3m,ret_6m,vol_3m,vol_6m,excess_return,rank_ret_3m,inflation,interest_rate,unemployment
2010-07-01,MC.PA,0.042423499872596304,0.06560389680805678,1,0.05759420655173497,0.09287803578277498,0.19023394592379694,0.033855410865019156,0.03686384370806854,-0.02318039693546048,1.0,2.49,1.08,9.08
2010-08-01,MC.PA,-0.019760985009031895,-0.04346603239639579,1,0.042423499872596304,0.08025672141529938,0.1637699709720326,0.040989604703592926,0.04171731802807786,0.023705047387363898,1.0,2.94,1.12,9.15
2010-09-01,MC.PA,0.17249659678736728,0.04763718465769817,1,-0.019760985009031895,0.1951591116509317,0.24908033987994815,0.09810614868531599,0.07068980402891657,0.12485941212966911,1.0,2.86,1.14,8.8
2010-10-01,MC.PA,0.046468237829895065,0.035332468918469084,1,0.17249659678736728,0.19920384960823045,0.29208188539100544,0.09766646897951622,0.06819685104627587,0.01113576891142598,1.0,2.69,1.14,8.97
2010-11-01,MC.PA,0.03774453505180908,-0.0681900465962687,1,0.046468237829895065,0.25670936966907143,0.3369660910843708,0.07540708233057151,0.06312211608941463,0.10593458164807779,1.0,2.96,1.1,8.88
2010-12-01,MC.PA,0.059676391492320846,0.05350079730495727,0,0.03774453505180908,0.143889164374025,0.3390482760249567,0.011042075893733738,0.06313729317729641,0.006175594187363576,1.0,2.81,1.02,8.88
2011-01-01,MC.PA,-0.07351752782996601,0.0575797260535984,0,0.059676391492320846,0.023903398714163915,0.22310724832239437,0.07141530310802575,0.08294513533151879,-0.1310972538835644,0.5,2.85,1.0,8.58
2011-02-01,MC.PA,0.0017536199134844388,0.02013123087091251,1,-0.07351752782996601,-0.012087516424160727,0.2446218532449107,0.06678499493951003,0.08041752075876202,-0.01837761095742807,0.5,3.02,1.04,8.79
2011-03-01,MC.PA,-0.022319491768101773,-0.03391208785688293,1,0.0017536199134844388,-0.09408339968458335,0.049805764689441645,0.03844151246860273,0.05027493381253026,0.01159259608878116,0.5,2.61,1.05,8.89
2011-04-01,MC.PA,0.08549717676680113,0.034470351512154496,1,-0.022319491768101773,0.0649313049121838,0.08883470362634771,0.056593480240577684,0.05811451321084824,0.051026825254646635,1.0,2.66,0.99,9.14
2011-05-01,MC.PA,-0.0028869993969635743,-0.06371111586757994,1,0.08549717676680113,0.06029068560173578,0.048203169177575056,0.05746566854779015,0.05726810265673778,0.06082411647061636,1.0,2.88,1.0,8.95
2011-06-01,MC.PA,0.038544567360413895,0.010332030915128243,1,-0.0028869993969635743,0.12115474473025145,0.027071345045668105,0.04422081872110162,0.05401426573353883,0.028212536445285652,1.0,2.77,1.02,9.27
2011-07-01,MC.PA,0.031023148039366122,-0.06254450901939468,1,0.038544567360413895,0.06668071600281644,0.13161202091500024,0.02207202064351942,0.03842005277261133,0.0935676570587608,1.0,3.01,0.97,8.35
2011-08-01,MC.PA,-0.07815542572520517,-0.13791722603995893,0,0.031023148039366122,-0.008587710325425157,0.051702975276310625,0.06531388456784734,0.056439558341449786,0.059761800314753755,1.0,2.72,0.98,8.79
2011-09-01,MC.PA,-0.1551504058883093,-0.053178065862649726,1,-0.07815542572520517,-0.20228268357414836,-0.08112793884389691,0.09354925629638809,0.08814667699764707,-0.10197234002565958,0.5,2.56,0.98,8.54
2011-10-01,MC.PA,0.20672320859256543,0.09430831729837075,0,-0.1551504058883093,-0.026582623020949048,0.040098092981867395,0.19062903596537423,0.12255846112316798,0.11241489129419469,0.5,3.07,0.93,9.09
2011-11-01,MC.PA,-0.030353298929966854,-0.022970644106400262,0,0.20672320859256543,0.021219503774289272,0.012631793448864115,0.183816983791717,0.12349676305932114,-0.007382654823566592,0.5,2.66,0.95,8.14
2011-12-01,MC.PA,-0.05501771423046764,-0.005955932261275332,1,-0.030353298929966854,0.12135219543213094,-0.08093048814201742,0.1445233052033765,0.12388178829238733,-0.04906178196919231,1.0,2.63,0.97,8.08
2012-01-01,MC.PA,0.12979900203093298,0.04321506601244929,0,-0.05501771423046764,0.04442798887049848,0.017845365849549433,0.10034466560712409,0.13686298284877466,0.08658393601848369,0.5,2.24,1.03,8.1
2012-02-01,MC.PA,0.021844786601962873,0.039496742936074414,1,0.12979900203093298,0.09662607440242821,0.11784557817671748,0.09284321485955678,0.13096929714030975,-0.01765195633411154,0.5,2.32,1.08,7.58
2012-03-01,MC.PA,0.020190041809198034,-0.013864869227704912,1,0.021844786601962873,0.17183383044209388,0.2931860258742248,0.0628105285363629,0.10008898946710472,0.034054911036902946,0.5,2.35,1.01,8.01
2012-04-01,MC.PA,-0.02871588870531494,-0.0689668086109515,1,0.020190041809198034,0.013318939705845967,0.05774692857634445,0.02872545360056005,0.06625662637157897,0.04025091990563656,0.5,1.99,0.96,7.88
2012-05-01,MC.PA,-0.03178722794998612,-0.081290130544312,0,-0.02871588870531494,-0.040313074846103025,0.05631299955632518,0.029162932339602165,0.0664320205458522,0.04950290259432588,1.0,2.18,0.99,8.1
2012-06-01,MC.PA,0.003768823591040915,0.06879856594714395,0,-0.03178722794998612,-0.056734293064260144,0.11509953737783374,0.019701617780109242,0.058947202913925474,-0.06502974235610304,1.0,1.88,1.02,8.1
2012-07-01,MC.PA,0.02252811914699948,0.026934897377648648,1,0.003768823591040915,-0.005490285211945722,0.007828654493900244,0.02758713740498776,0.025421912437320126,-0.0044067782306491665,0.5,1.83,1.04,8.5
2012-08-01,MC.PA,0.05915959758216505,0.04944274963576567,0,0.02252811914699948,0.08545654032020544,0.04514346547410242,0.02817183648444439,0.034422639847289944,0.009716847946399376,0.5,1.65,1.23,8.17
2012-09-01,MC.PA,-0.09861320588482092,0.005551683340088598,1,0.05915959758216505,-0.016925489155656392,-0.07365978221991654,0.08257253715839122,0.05417910805829201,-0.10416488922490952,0.5,2.04,1.26,7.66
2012-10-01,MC.PA,0.07179475405649227,0.020120069844276944,1,-0.09861320588482092,0.0323411457538364,0.026850860541890675,0.09494803623063439,0.06291406148601572,0.05167468421221533,0.5,1.56,1.32,7.51
2012-11-01,MC.PA,0.07575754732882456,0.02860239910466289,1,0.07179475405649227,0.04893909550049591,0.13439563582070135,0.09954876201990455,0.06577152992579255,0.04715514822416167,0.5,1.25,1.37,7.87
2012-12-01,MC.PA,0.03744298582270833,0.023562734352247316,0,0.07575754732882456,0.18499528720802516,0.16806979805236877,0.02107033196508319,0.06529884973719527,0.013880251470461014,1.0,1.54,1.4,7.27
2013-01-01,MC.PA,0.00035999001358710814,0.02543696174290666,0,0.03744298582270833,0.11356052316512,0.1459016689189564,0.037700455016462374,0.06629078215888498,-0.025076971729319553,1.0,1.04,1.38,8.16
2013-02-01,MC.PA,-0.05005414713104239,-0.02568643946396687,1,0.00035999001358710814,-0.012251171294746954,0.036687924205748956,0.04391750235259893,0.06971577658404787,-0.024367707667075522,0.5,1.26,1.42,7.92
2013-03-01,MC.PA,0.015163056037877709,-0.0036187006588751514,0,-0.05005414713104239,-0.034531101079577575,0.15046418612844759,0.03419064096341102,0.0474507959110949,0.01878175669675286,0.5,0.76,1.38,7.37
2013-04-01,MC.PA,-0.017924060626080096,0.03352870016764076,1,0.015163056037877709,-0.05281515171924478,0.06074537144587522,0.032609771892095414,0.04377880901717225,-0.05145276079372085,0.5,0.83,1.37,6.95
2013-05-01,MC.PA,0.054558536438028105,0.021253647705798295,0,-0.017924060626080096,0.05179753184982572,0.03954636055507876,0.036287022570635596,0.03788059160647205,0.03330488873222981,1.0,1.09,1.35,7.82
2013-06-01,MC.PA,-0.08891317951477562,-0.06031462975932278,1,0.054558536438028105,-0.05227870370282761,-0.08680980478240519,0.07173715350290168,0.050364540060484915,-0.02859854975545284,1.0,1.17,1.35,7.34
2013-07-01,MC.PA,0.09759023785178078,0.06361348074882955,0,-0.08891317951477562,0.06323559477503327,0.010420443055788486,0.09765533378026375,0.06847561926821098,0.03397675710295123,1.0,1.04,1.47,7.7
2013-08-01,MC.PA,-0.030003628402503812,-0.016899296211033366,1,0.09759023785178078,-0.02132657006549865,0.030470961784327066,0.0953362947739646,0.06588277963680737,-0.013104332191470447,1.0,0.98,1.37,6.81
2013-09-01,MC.PA,0.09845373347551845,0.06312253672197365,0,-0.030003628402503812,0.16604034292479541,0.1137616392219678,0.07391688367243945,0.07637240006156673,0.03533119675354479,1.0,0.95,1.41,7.07
2013-10-01,MC.PA,-0.02609890941480908,0.060418593826237155,0,0.09845373347551845,0.042351195658205554,0.10558679043323882,0.07306378663195552,0.07723011755338426,-0.08651750324104623,0.5,0.73,1.33,7.22
2013-11-01,MC.PA,-0.021509396251904622,0.006091996839489244,0,-0.02609890941480908,0.050845427808804744,0.029518857743306093,0.07062291528018899,0.07618575117084571,-0.027601393091393867,0.5,0.91,1.3,7.2
2013-12-01,MC.PA,-0.036158774085122025,0.007244158113695276,1,-0.021509396251904622,-0.08376707975183573,0.08227326317295969,0.0074929831526780715,0.06548331957702308,-0.0434029321988173,0.5,1.01,1.36,7.02
2014-01-01,MC.PA,-0.003394034640589072,-0.0305693274565777,0,-0.036158774085122025,-0.06106220497761572,-0.018711009319410166,0.01641289507306819,0.05098585814753549,0.027175292815988628,0.5,1.37,1.36,7.31
2014-02-01,MC.PA,0.020431619094585463,0.044881160096491124,0,-0.003394034640589072,-0.019121189631125635,0.03172423817767911,0.028412621980997886,0.04981091130869469,-0.02444954100190566,1.0,1.29,1.31,6.78
2014-03-01,MC.PA,-0.021505527845216088,0.0039279815269823715,1,0.020431619094585463,-0.0044679433912196975,-0.08823502314305542,0.02103335547592697,0.020224502545819433,-0.02543350937219846,1.0,0.95,1.27,7.03
2014-04-01,MC.PA,0.07427056543193422,0.011636447933167648,1,-0.021505527845216088,0.0731966566813036,0.012134451703687876,0.04801113842918791,0.04038104852085235,0.06263411749876657,1.0,1.45,1.31,7.09
2014-05-01,MC.PA,0.04367355079510449,0.014447958701143904,0,0.07427056543193422,0.09643858838182262,0.07731739875069699,0.048917532031847406,0.0415357222277662,0.029225592093960584,1.0,1.4,1.27,7.19
2014-06-01,MC.PA,-0.03528610671795762,-0.005042256959091107,0,0.04367355079510449,0.08265800950908109,0.07819006611786139,0.05652944547140213,0.04133065635552561,-0.030243849758866514,1.0,1.44,1.28,7.24
2014-07-01,MC.PA,-0.08664772103243634,-0.03491995044041496,1,-0.03528610671795762,-0.07826027695528948,-0.0050636202739858804,0.0656458640869288,0.058398798322806054,-0.05172777059202138,0.5,1.8,1.28,6.68
2014-08-01,MC.PA,0.026827556553171705,0.01833403611859108,0,-0.08664772103243634,-0.09510627119722226,0.0013323171846003623,0.056822473859497055,0.05892086640524911,0.008493520434580626,0.5,1.99,1.25,6.55
2014-09-01,MC.PA,-0.02536949464634386,0.016799958014918293,1,0.026827556553171705,-0.0851896591256085,-0.0025316496165274094,0.05679816870005714,0.05922616593531189,-0.04216945266126215,0.5,2.08,1.36,7.38
2014-10-01,MC.PA,0.0516707072713698,-0.03490772139120191,1,-0.02536949464634386,0.05312876917819764,-0.025131507777091833,0.03932112876273621,0.05401525991501846,0.0865784286625717,1.0,1.84,1.39,7.1
2014-11-01,MC.PA,0.06760254106406505,0.04420035854320825,0,0.0516707072713698,0.09390375368909099,-0.0012025175081312733,0.04972057834146364,0.058916874453475786,0.023402182520856796,1.0,2.06,1.29,6.78
2014-12-01,MC.PA,-0.08477507775262993,-0.032144648515159635,1,0.06760254106406505,0.03449817058280491,-0.05069148854280359,0.08375581004230856,0.06763085804142739,-0.0526304292374703,1.0,2.3,1.3,7.47
2015-01-01,MC.PA,0.09458413988181613,0.06515638810323932,1,-0.08477507775262993,0.07741160319325124,0.1305403723714489,0.09670976712260305,0.06617573037421097,0.029427751778576816,1.0,2.53,1.26,7.05
2015-02-01,MC.PA,0.1421604550174589,0.07386677455716995,0,0.09458413988181613,0.15196951714664508,0.24587327083573607,0.11967523466028848,0.08264446045262507,0.06829368046028894,1.0,2.35,1.31,7.38
2015-03-01,MC.PA,0.0015253796302017175,0.027335338375243046,0,0.1421604550174589,0.23826997452947674,0.27276814511228165,0.0715328165373919,0.0789739836433632,-0.025809958745041328,1.0,2.5,1.27,7.06
2015-04-01,MC.PA,-0.04599460506372388,-0.022121014749412082,1,0.0015253796302017175,0.09769122958393672,0.17510283277718797,0.09784230510422029,0.08708654927651589,-0.0238735903143118,0.5,2.41,1.26,7.68
2015-05-01,MC.PA,0.04782386658383042,-0.01239356716454898,1,-0.04599460506372388,0.0033546411503082574,0.15532415829695334,0.04691056110974954,0.08570482907104793,0.0602174337483794,0.5,2.47,1.29,7.6
2015-06-01,MC.PA,-0.030835569222657844,-0.04102184376156981,1,0.04782386658383042,-0.029006307702551304,0.20926366682692543,0.050363692000138356,0.07377396894290425,0.010186274538911966,1.0,2.95,1.33,7.03
2015-07-01,MC.PA,0.08622325229350358,0.05151122567033517,0,-0.030835569222657844,0.10321154965467616,0.20090277923861288,0.059672142242741574,0.07248840106505015,0.03471202662316841,1.0,3.12,1.27,7.42
2015-08-01,MC.PA,-0.12917411384654842,-0.09194350637824,1,0.08622325229350358,-0.07378643077570268,-0.07043178962539443,0.10783418010504922,0.07569598815626681,-0.03723060746830842,1.0,2.89,1.25,7.35
2015-09-01,MC.PA,0.023882104908453883,-0.05167556175874022,1,-0.12917411384654842,-0.019068756644590956,-0.04807506434714226,0.11083670428227232,0.0770181954210643,0.0755576666671941,1.0,3.15,1.23,7.6
2015-10-01,MC.PA,0.11432295274903992,0.10241659595992036,0,0.023882104908453883,0.00903094381094538,0.11224249346562154,0.12308301703752608,0.08820285525081126,0.011906356789119554,0.5,3.05,1.2,6.93
2015-11-01,MC.PA,-0.06397398111896735,0.02580867033733858,0,0.11432295274903992,0.07423107653852645,0.0004446457628237699,0.0891515894763093,0.0925245513602533,-0.08978265145630593,0.5,2.87,1.28,7.46
2015-12-01,MC.PA,-0.08724422463239245,-0.06814012319233964,1,-0.06397398111896735,-0.03689525300231988,-0.05596400964691084,0.1102728644903364,0.09893707425785199,-0.019104101440052812,0.5,3.07,1.3,7.61
2016-01-01,MC.PA,0.03154637791799808,-0.06807301265518617,1,-0.08724422463239245,-0.11967182783336172,-0.11064088402241634,0.06295084124141341,0.0905375158671191,0.09961939057318425,0.5,3.3,1.24,6.81
2016-02-01,MC.PA,0.03778709806761915,-0.032623037422002565,0,0.03154637791799808,-0.01791074864677522,0.05632032789175123,0.07045445987584846,0.07380879753775461,0.07041013548962172,1.0,2.97,1.29,7.03
2016-03-01,MC.PA,-0.021456489189724426,0.020089936905923755,0,0.03778709806761915,0.047876986795892806,0.010981733793572923,0.03255265770190233,0.07434686602602274,-0.04154642609564818,1.0,3.25,1.39,6.81
2016-04-01,MC.PA,-0.035880432991780786,0.007747278581023309,0,-0.021456489189724426,-0.01954982411388606,-0.13922165194724778,0.03904006044716779,0.05028837918162415,-0.043627711572804095,1.0,2.37,1.45,7.39
2016-05-01,MC.PA,0.00731912472881624,0.01164715128284266,1,-0.035880432991780786,-0.05001779745268897,-0.0679285460994642,0.021993513810701328,0.047046575991845106,-0.004328026554026421,0.5,3.0,1.37,7.74
2016-06-01,MC.PA,-0.05588329499171174,-0.06487393144445008,1,0.00731912472881624,-0.08444460325467629,-0.03656761645878348,0.03230289495275756,0.03774777421382791,0.008990636452738343,0.5,2.79,1.35,8.02
2016-07-01,MC.PA,0.1279413036464503,0.04399003747664376,0,-0.05588329499171174,0.07937713338355479,0.05982730926966873,0.09339498467070642,0.06652005629783653,0.08395126616980653,0.5,2.64,1.41,7.65
2016-08-01,MC.PA,-0.011082278039804438,0.01082329339070287,1,0.1279413036464503,0.06097573061493411,0.010957933162245137,0.09585246514764348,0.06541571675786552,-0.02190557143050731,0.5,2.63,1.37,8.16
2016-09-01,MC.PA,0.0006589119826769796,-0.006910021529968335,1,-0.011082278039804438,0.11751793758932283,0.03307333433464654,0.07709973955389322,0.06445748734461819,0.007568933512645315,0.5,2.12,1.4,7.32
2016-10-01,MC.PA,0.09058003989873797,0.01765681955408449,1,0.0006589119826769796,0.08015667384161052,0.1595338072251653,0.055616082322588974,0.06874830154943934,0.07292322034465348,1.0,2.38,1.43,7.27
2016-11-01,MC.PA,0.03714899797469595,-0.0011913567066933473,0,0.09058003989873797,0.1283879498561109,0.18936368047104501,0.04522575199759964,0.0681520779645452,0.0383403546813893,1.0,2.39,1.39,7.82
2016-12-01,MC.PA,0.06539873230947224,0.07828978922579855,1,0.03714899797469595,0.19312777018290617,0.310645707772229,0.0267302013428613,0.053423880060676464,-0.012891056916326304,1.0,2.51,1.38,8.01
2017-01-01,MC.PA,0.028665972952605978,-0.01818560213444609,0,0.06539873230947224,0.13121370323677417,0.21137037707838469,0.019232372073669332,0.038368048005501906,0.046851575087052066,1.0,2.0,1.22,7.94
2017-02-01,MC.PA,0.015273146260120107,0.027526767634975524,1,0.028665972952605978,0.10933785152219833,0.23772580137830923,0.025952642105623407,0.033161124608323676,-0.012253621374855417,0.5,1.82,1.17,7.39
2017-03-01,MC.PA,0.08656650452365655,0.05462081941893149,1,0.015273146260120107,0.13050562373638264,0.3236333939192888,0.03789147286553663,0.03147736847459608,0.03194568510472506,1.0,1.77,1.16,8.04
2017-04-01,MC.PA,0.10031587240466244,0.01675559276975025,1,0.08656650452365655,0.2021555231884391,0.33336922642521327,0.045650946174414724,0.03390155261166595,0.0835602796349122,1.0,1.95,1.1,7.73
2017-05-01,MC.PA,0.015651106813004745,-0.0014046561195373286,0,0.10031587240466244,0.20253348374132374,0.31187133526352206,0.04543523097457438,0.03721120978792469,0.017055762932542073,1.0,1.72,1.18,8.38
2017-06-01,MC.PA,-0.03896106507690422,-0.03170835519462378,0,0.015651106813004745,0.07700591414076297,0.2075115378771456,0.07017677341954338,0.0513772770294375,-0.007252709882280439,1.0,1.45,1.11,8.34
2017-07-01,MC.PA,-0.02565265790479243,0.0021732962404437117,1,-0.03896106507690422,-0.04896261616869191,0.1531929070197472,0.028476902921065972,0.057096303019059755,-0.027825954145236143,0.5,1.56,1.08,8.0
2017-08-01,MC.PA,0.03549611911421424,-0.008085597284765877,1,-0.02565265790479243,-0.02911760386748241,0.17341587987384133,0.039707595642079034,0.05696632536712541,0.04358171639898012,1.0,1.38,1.09,8.18
2017-09-01,MC.PA,0.05993196427530201,0.05067416298775651,1,0.03549611911421424,0.06977542548472382,0.14678133962548678,0.044085165708672006,0.05243143342305038,0.009257801287545497,1.0,1.48,1.16,8.07
2017-10-01,MC.PA,0.09702276378038976,0.022003658390984393,0,0.05993196427530201,0.19245084716990601,0.1434882310012141,0.030979471537727312,0.05148734477582119,0.07501910538940537,1.0,1.07,1.09,8.42
2017-11-01,MC.PA,-0.04529487866455861,-0.0283128569832779,1,0.09702276378038976,0.11165984939113316,0.08254224552365075,0.07382719376366333,0.05891917164904521,-0.016982021681280712,1.0,1.08,1.15,8.78
2017-12-01,MC.PA,0.003681120279221961,-0.01847934608419821,1,-0.04529487866455861,0.05540900539505311,0.12518443087977693,0.07230216944085947,0.05362202921784497,0.022160466363420173,1.0,1.01,1.15,8.24
2018-01-01,MC.PA,0.03605241882107979,0.03006029729198678,1,0.003681120279221961,-0.005561339564256862,0.18688950760564915,0.0409551222885984,0.04859815582111996,0.0059921215290930085,1.0,0.76,1.1,8.74
2018-02-01,MC.PA,-0.024148936523063935,-0.047192128169683656,1,0.03605241882107979,0.015584602577237816,0.12724445196837098,0.030129211230344958,0.05339448784001132,0.02304319164661972,1.0,1.08,1.12,8.47
2018-03-01,MC.PA,0.015010234170104608,-0.02252424041493739,1,-0.024148936523063935,0.026913716468120463,0.08232272186317358,0.030551643080567608,0.0499146139924154,0.037534474585042,1.0,1.06,1.13,8.43
2018-04-01,MC.PA,0.15627485083482062,0.05206604775583812,1,0.015010234170104608,0.1471361484818613,0.14157480891760443,0.09490510665516465,0.07106995112479463,0.1042088030789825,1.0,1.0,1.1,8.68
2018-05-01,MC.PA,0.03928814402772862,-0.03672257373640253,0,0.15627485083482062,0.21057322903265385,0.22615783160989167,0.07553255192084693,0.06255019149329274,0.07601071776413115,1.0,0.96,1.11,8.44
2018-06-01,MC.PA,-0.03989221818300037,-0.003243598551144866,1,0.03928814402772862,0.15567077667954887,0.18258449314766934,0.09868885304872188,0.06943896405866681,-0.036648619631855506,0.5,0.75,1.09,8.62
2018-07-01,MC.PA,0.04786123183202706,0.038252411603998615,1,-0.03989221818300037,0.04725715767675531,0.1943933061586166,0.048379912470401784,0.06979659858061596,0.009608820228028447,0.5,0.98,1.09,8.46
2018-08-01,MC.PA,0.011042288591951,-0.03760898151970371,1,0.04786123183202706,0.01901130224097769,0.22958453127363154,0.04406553178933903,0.06543679436289943,0.04865127011165471,0.5,1.04,1.13,9.44
2018-09-01,MC.PA,0.008108652311097808,0.0018568330954216172,0,0.011042288591951,0.06701217273507587,0.22268294941462474,0.022152909446662383,0.0659856654659868,0.006251819215676191,0.5,1.0,1.21,8.89
2018-10-01,MC.PA,-0.11753127576307976,-0.0593345329205236,0,0.008108652311097808,-0.09838033486003095,-0.05112317718327564,0.07339977202424879,0.061630076207067244,-0.05819674284255616,0.5,1.2,1.14,8.69
2018-11-01,MC.PA,-0.060453594421788215,-0.007624722636884629,1,-0.11753127576307976,-0.16987621787377016,-0.15086491563279247,0.06290738551082294,0.05957287363090509,-0.052828871784903586,0.5,1.39,1.25,8.99
2018-12-01,MC.PA,0.022371587831491624,-0.05411375117910555,1,-0.060453594421788215,-0.15561328235337635,-0.08860110961830048,0.07034520093148784,0.061868806773112336,0.07648533901059718,1.0,1.77,1.15,8.91
2019-01-01,MC.PA,0.09169405988853563,0.05264508595215678,1,0.022371587831491624,0.05361205329823904,-0.04476828156179191,0.07617362257755034,0.07242951833233911,0.03904897393637885,1.0,1.52,1.15,8.9
2019-02-01,MC.PA,0.07953497910261786,0.04394149613342058,1,0.09169405988853563,0.19360062682264512,0.023724408948874953,0.03701599131743381,0.08083845821775207,0.03559348296919729,1.0,1.63,1.18,9.16
2019-03-01,MC.PA,0.08576161105914348,0.01620549957056694,1,0.07953497910261786,0.256990650050297,0.10137736769692063,0.006080133498998547,0.08757225375738965,0.06955611148857654,1.0,1.67,1.19,9.21
2019-04-01,MC.PA,0.06450133598121655,0.04860508759667037,1,0.08576161105914348,0.2297979261429779,0.28340997944121693,0.010929933420145033,0.05833925849258317,0.015896248384546174,0.5,1.41,1.16,8.84
2019-05-01,MC.PA,-0.01875445274342935,-0.06663314319565228,1,0.06450133598121655,0.13150849429693068,0.3251091211195758,0.055237567598714774,0.04355529159233884,0.04787869045222293,0.5,1.9,1.15,8.83
2019-06-01,MC.PA,0.10543418482230726,0.058913012560207534,1,-0.01875445274342935,0.15118106806009446,0.40817171811039143,0.06328486150052577,0.04460903057417031,0.04652117226209973,0.5,2.03,1.12,8.92
2019-07-01,MC.PA,0.002671613489645619,-0.00196904267950615,0,0.10543418482230726,0.08935134556852353,0.3191492717115014,0.06638528963753744,0.0496799367595542,0.004640656169151769,1.0,2.62,1.09,8.31
2019-08-01,MC.PA,-0.03437253536918505,-0.011563836555185225,0,0.002671613489645619,0.07373326294276783,0.2052417572396985,0.07243196122601064,0.058568737944758455,-0.022808698813999828,1.0,2.2,1.14,8.54
2019-09-01,MC.PA,0.006208632885949417,0.041639899204966246,1,-0.03437253536918505,-0.025492288993590018,0.12568877906650444,0.02247817714968839,0.05333428566128315,-0.03543126631901683,1.0,2.41,1.15,9.39
2019-10-01,MC.PA,0.04895102364212689,0.009794215191621491,1,0.006208632885949417,0.020787121158891253,0.11013846672741479,0.04166645067440739,0.051126721771706636,0.0391568084505054,0.5,2.44,1.12,9.47
2019-11-01,MC.PA,0.06483661990297285,0.027513564892398312,1,0.04895102364212689,0.11999627643104915,0.19372953937381698,0.030321898021574766,0.050375240114280295,0.037323055010574535,0.5,2.31,1.16,8.88
2019-12-01,MC.PA,0.01694083307806382,0.011224227191489744,0,0.06483661990297285,0.13072847662316356,0.10523618762957354,0.024396075039807133,0.03540723594301624,0.005716605886574078,1.0,2.87,1.18,9.11
2020-01-01,MC.PA,-0.040301112530113814,-0.027833329226459202,1,0.01694083307806382,0.041476340450922855,0.06226346160981411,0.05263805580527912,0.04262641597416,-0.012467783303654612,1.0,2.87,1.22,9.01
2020-02-01,MC.PA,-0.06185164886709815,-0.08553354227173882,1,-0.040301112530113814,-0.08521192831914814,0.03478434811190101,0.040721249908166286,0.04934303720599565,0.023681893404640664,1.0,2.95,1.25,9.82
2020-03-01,MC.PA,-0.08736675103181857,-0.16296492540361418,0,-0.06185164886709815,-0.18951951242903053,-0.058791035805866976,0.023560632357320994,0.06227948752333334,0.07559817437179561,0.5,2.67,1.21,9.21
2020-04-01,MC.PA,0.04136470403884207,0.05060462673175681,1,-0.08736675103181857,-0.10785369586007465,-0.0663773554091518,0.06816209047837038,0.060910175863791015,-0.009239922692914737,0.5,3.19,1.18,8.8
2020-05-01,MC.PA,0.0639808057678175,0.04175988578481382,0,0.04136470403884207,0.017978758774841008,-0.06723316954430714,0.08163879646675755,0.060697522545382764,0.022220919983003684,0.5,2.67,1.22,8.52
2020-06-01,MC.PA,0.04133324120330206,0.06028133241457101,0,0.0639808057678175,0.14667875100996164,-0.042840761419068896,0.01306650442945172,0.0637022541622023,-0.018948091211268947,0.5,3.1,1.25,8.29
2020-07-01,MC.PA,-0.06081940154119081,-0.01847517176098501,1,0.04133324120330206,0.04449464542992876,-0.06335905043014589,0.06648704929628448,0.0663348065306876,-0.0423442297802058,0.5,3.43,1.25,8.8
2020-08-01,MC.PA,0.07796662827915268,0.030932590063924792,1,-0.06081940154119081,0.058480467941263936,0.07645922671610494,0.07192441581459709,0.0692089985939069,0.04703403821522789,0.5,2.8,1.26,8.47
2020-09-01,MC.PA,0.016802532534903714,-0.02410990405172231,1,0.07796662827915268,0.03394975927286559,0.18062851028282723,0.06955546148125072,0.04926532746146383,0.04091243658662602,0.5,2.88,1.32,8.23
2020-10-01,MC.PA,0.007260898526147086,-0.07370973242391443,1,0.016802532534903714,0.10203005934020348,0.14652470477013224,0.03836532637611247,0.04967206987120392,0.08097063095006152,1.0,2.99,1.29,8.42
2020-11-01,MC.PA,0.2003480612498041,0.1806261506724367,1,0.007260898526147086,0.2244114923108549,0.2828919602521188,0.10882911398109527,0.08788930092840601,0.019721910577367385,1.0,2.84,1.32,8.25
2020-12-01,MC.PA,0.05798293238549879,0.017208064286575064,0,0.2003480612498041,0.26559189216144996,0.29954165143431555,0.10010261988250811,0.08793179904139961,0.04077486809892372,1.0,2.58,1.31,9.03
2021-01-01,MC.PA,-0.020606034825488062,-0.020041420837676238,1,0.05798293238549879,0.2377249588098148,0.3397550181500183,0.11200057161780413,0.07886812230341525,-0.0005646139878118239,1.0,2.85,1.3,8.74
2021-02-01,MC.PA,0.05358213049188465,0.04452180781765591,1,-0.020606034825488062,0.09095902805189537,0.31537052036275026,0.04415781678207202,0.07817370107890506,0.009060322674228738,1.0,2.56,1.35,8.42
2021-03-01,MC.PA,0.08209510021059785,0.07776012366146756,1,0.05358213049188465,0.11507119587699444,0.3806630880384444,0.053016344104182385,0.07673149874815363,0.004334976549130287,1.0,2.79,1.39,8.82
2021-04-01,MC.PA,0.10227097430020815,0.014168679364039871,1,0.08209510021059785,0.23794820500269065,0.47567316381250546,0.024463097544571637,0.07250538004156286,0.08810229493616828,1.0,2.42,1.43,8.34
2021-05-01,MC.PA,0.0479085619147217,0.016282818715724012,1,0.10227097430020815,0.2322746364255277,0.3232336644774231,0.027480469356450477,0.04180556937304251,0.03162574319899769,1.0,2.82,1.5,8.01
2021-06-01,MC.PA,0.014263839059689642,0.00614935861002075,1,0.0479085619147217,0.1644433752746195,0.27951457115161393,0.04440813572159295,0.04465848005465375,0.008114480449668893,1.0,2.26,1.5,8.67
2021-07-01,MC.PA,0.01905339079697277,0.006151120660298881,0,0.014263839059689642,0.08122579177138411,0.31917399677407476,0.018200403301715726,0.03450521152468053,0.012902270136673888,1.0,2.25,1.53,8.32
2021-08-01,MC.PA,-0.06989174095867001,0.026192772881160842,1,0.01905339079697277,-0.0365745111020076,0.1957001253235201,0.05002722245121377,0.06093019347665844,-0.09608451383983085,0.5,2.36,1.52,7.79
2021-09-01,MC.PA,-0.010689236162975901,-0.035346897133990085,1,-0.06989174095867001,-0.061527586324673145,0.10291578894994635,0.04527839237353651,0.0575411329677884,0.024657660971014184,0.5,1.84,1.53,7.99
2021-10-01,MC.PA,0.09208167761633512,0.050018768542378966,1,-0.010689236162975901,0.011500700494689209,0.09272649226607332,0.08195749469287177,0.054601897327739415,0.042062909073956156,0.5,2.02,1.53,7.73
2021-11-01,MC.PA,0.013880885145318933,-0.04411183406782215,1,0.09208167761633512,0.09527332659867815,0.05869881549667055,0.05366705308851645,0.05227439117675524,0.057992719213141086,1.0,2.13,1.53,7.52
2021-12-01,MC.PA,0.06341637770647823,0.05792434624697762,1,0.013880885145318933,0.1693789404681323,0.10785135414345914,0.03956182584532223,0.05677472286070242,0.0054920314595006126,1.0,1.43,1.56,8.15
2022-01-01,MC.PA,-0.006052148066253316,-0.02880368650109555,0,0.06341637770647823,0.07124511478554385,0.08274581528023306,0.03577002215386277,0.05759852431373467,0.022751538434842233,1.0,1.69,1.52,8.39
2022-02-01,MC.PA,-0.08677004487543016,-0.059974635014277355,0,-0.006052148066253316,-0.029405815235205246,0.06586751136347291,0.07516339586337356,0.06269001844724345,-0.026795409861152808,1.0,1.6,1.63,7.35
2022-03-01,MC.PA,-0.015911351285297748,-0.00553228558100638,0,-0.08677004487543016,-0.10873354422698123,0.06064539624115106,0.044033201887348036,0.06308599562906186,-0.010379065704291368,1.0,1.6,1.58,7.88
2022-04-01,MC.PA,-0.04604263807287756,-0.025537322450775224,0,-0.015911351285297748,-0.14872403423360547,-0.07747891944806162,0.03556114585151508,0.05128856320536948,-0.020505315622102338,0.5,1.11,1.51,7.46
2022-05-01,MC.PA,-0.024909036420951436,-0.0035894421826705436,1,-0.04604263807287756,-0.08686302577912675,-0.11626884101433199,0.015467610783279385,0.0496543814032475,-0.021319594238280892,0.5,1.01,1.57,7.46
2022-06-01,MC.PA,-0.025954224615167498,-0.08823735210304962,1,-0.024909036420951436,-0.0969058991089965,-0.20563944333597772,0.011911240436324692,0.028930663891013363,0.06228312748788212,1.0,1.31,1.61,7.38
2022-07-01,MC.PA,0.16039173598969425,0.0732996365584686,1,-0.025954224615167498,0.10952847495357532,-0.03919555928003016,0.10728644346490684,0.08563372992945623,0.08709209943122564,1.0,1.2,1.64,7.25
2022-08-01,MC.PA,-0.040740770760698486,-0.05146843198134787,0,0.16039173598969425,0.09369674061382827,0.006833714834701521,0.11209946792347662,0.07879684459518108,0.010727661220649387,1.0,1.14,1.67,7.47
2022-09-01,MC.PA,-0.05729726412949665,-0.05659252223416733,0,-0.040740770760698486,0.062353701099499115,-0.03455219800949738,0.12118642905131811,0.08232050353706441,-0.0007047418953293194,1.0,1.12,1.67,7.16
2022-10-01,MC.PA,0.046854487676827095,0.09021158829952625,1,-0.05729726412949665,-0.05118354721336804,0.058344927740207275,0.05596819659076348,0.0819638525694183,-0.04335710062269915,0.5,0.88,1.63,7.45
2022-11-01,MC.PA,0.15383410270991327,0.09597127547774087,0,0.046854487676827095,0.1433913262572437,0.23708806687107198,0.10556883970537176,0.09780974718773368,0.0578628272321724,0.5,1.05,1.63,7.31
2022-12-01,MC.PA,-0.07785142137101586,-0.043155596052167344,1,0.15383410270991327,0.1228371690157245,0.18519087011522362,0.11595572707771631,0.10665221120244951,-0.03469582531884852,0.5,1.06,1.6,7.21
2023-01-01,MC.PA,0.1846773389314713,0.09748737793998807,0,-0.07785142137101586,0.2606600202703687,0.20947647305700068,0.14349845369389544,0.1128328193223527,0.08718996099148324,1.0,0.87,1.65,6.97
2023-02-01,MC.PA,-0.013749886588786397,0.01799701785417329,1,0.1846773389314713,0.09307603097166905,0.23646735722891277,0.13687203304246473,0.1097081627304409,-0.03174690444295969,1.0,1.4,1.64,7.04
2023-03-01,MC.PA,0.0702154329320368,0.018089440775687082,1,-0.013749886588786397,0.24114288527472172,0.3639800542904462,0.0996034358802651,0.0990614528924454,0.05212599215634972,1.0,1.16,1.6,7.4
2023-04-01,MC.PA,0.031501563950354416,0.010257182630469153,0,0.0702154329320368,0.08796711029360482,0.34862713056397354,0.04202505663224643,0.09968580312261682,0.021244381319885264,0.5,0.87,1.58,7.3
2023-05-01,MC.PA,-0.058248314824633884,-0.03240650874391382,1,0.031501563950354416,0.043468682057757335,0.1365447130294264,0.06589984683763878,0.09650247112122541,-0.025841806080720064,0.5,1.3,1.6,6.83
2023-06-01,MC.PA,0.06032679451964906,0.04292273259874979,0,-0.058248314824633884,0.033580043645369595,0.2747229289200913,0.06184118262871269,0.08327153353579964,0.017404061920899272,0.5,1.04,1.58,7.12
2023-07-01,MC.PA,-0.017265388254793623,0.016417081125623456,0,0.06032679451964906,-0.015186908559778445,0.07278020173382638,0.060222094026943486,0.0501180019330402,-0.03368246938041708,0.5,1.47,1.53,7.3
2023-08-01,MC.PA,-0.07770302743432123,-0.038959542735733876,0,-0.017265388254793623,-0.034641621169465786,0.008827060888291549,0.06919234881346115,0.06209285273975415,-0.03874348469858735,0.5,1.63,1.55,6.55
2023-09-01,MC.PA,-0.08412169556053928,-0.028495828807539092,0,-0.07770302743432123,-0.17909011124965413,-0.14551006760428453,0.03688647755088055,0.05984644905183772,-0.055625866753000186,0.5,1.33,1.56,7.2
2023-10-01,MC.PA,-0.05848684733384657,-0.027197432800012744,0,-0.08412169556053928,-0.22031157032870707,-0.23549847888848552,0.013339204884937745,0.05407764381493388,-0.031289414533833826,0.5,1.78,1.53,6.82
2023-11-01,MC.PA,0.04180858952407562,0.0791284395396803,1,-0.05848684733384657,-0.10079995337031022,-0.135441574539776,0.06655168016864724,0.061907837988071784,-0.03731985001560467,0.5,1.78,1.51,7.18
2023-12-01,MC.PA,0.043973340477811096,0.03175827345696236,1,0.04180858952407562,0.02729508266804015,-0.15179502858161398,0.05854051430080049,0.057748332373327826,0.012215067020848736,0.5,1.97,1.52,6.78
2024-01-01,MC.PA,0.062886349334347,0.02803180315537035,1,0.043973340477811096,0.14866827933623372,-0.07164329099247335,0.011594970240860213,0.06828730045939425,0.03485454617897665,0.5,2.29,1.45,6.46
2024-02-01,MC.PA,0.08945197732206411,0.049343886499922274,0,0.062886349334347,0.1963116671342222,0.09551171376391199,0.022846374269602853,0.07016369204587927,0.04010809082214184,1.0,1.98,1.38,6.51
2024-03-01,MC.PA,-0.010797328448379662,0.042160639292197155,0,0.08945197732206411,0.14154099820803145,0.1688360808760716,0.05193736655727167,0.053710927358608114,-0.05295796774057682,0.5,1.99,1.34,7.02
2024-04-01,MC.PA,-0.07112869746075501,-0.031907595580147,0,-0.010797328448379662,0.007525951412929444,0.15619423074916317,0.08111303893134662,0.057875261775184664,-0.03922110188060801,0.5,2.07,1.33,7.09
2024-05-01,MC.PA,-0.04198986632706292,0.01268988265204718,0,-0.07112869746075501,-0.12391589223619759,0.07239577489802462,0.030171509701644086,0.06317515639333068,-0.0546797489791101,0.5,2.19,1.35,6.75
2024-06-01,MC.PA,-0.028983504291274054,-0.017988731948367254,0,-0.04198986632706292,-0.14210206807909198,-0.0005610698710605266,0.021581065159597682,0.06282573200865174,-0.0109947723429068,0.5,2.44,1.42,7.22
2024-07-01,MC.PA,-0.0849214962200574,-0.004307313423498993,1,-0.028983504291274054,-0.15589486683839437,-0.14836891542546493,0.02927270981562808,0.06216670151924033,-0.08061418279655841,0.5,2.62,1.46,6.54
2024-08-01,MC.PA,0.0326186461931548,0.017451485157840674,1,-0.0849214962200574,-0.08128635431817666,-0.20520224655437425,0.05879281271812219,0.04251284331544957,0.015167161035314125,0.5,2.7,1.46,7.04
2024-09-01,MC.PA,0.02105888404333567,0.008566031934589269,0,0.0326186461931548,-0.031243965983566935,-0.17334603406265892,0.06478316934236862,0.047693722732242046,0.0124928521087464,0.5,2.89,1.46,6.72
2024-10-01,MC.PA,-0.1143064557937088,-0.03456095066440312,0,0.02105888404333567,-0.06062892555721833,-0.2165237923956127,0.08169494978680268,0.05757519022854853,-0.07974550512930567,0.5,2.8,1.41,6.91
2024-11-01,MC.PA,-0.02837002400066213,-0.004811880991841155,1,-0.1143064557937088,-0.12161759575103526,-0.2029039500692119,0.0684982511807681,0.057564419549202106,-0.023558143008820975,0.5,3.15,1.4,7.15
2010-07-01,SAP.DE,-0.03122766439708413,0.06560389680805678,1,0.041306072132650584,-0.017526869104456333,0.07760551065664534,0.04087182942608942,0.048148026098100094,-0.09683156120514091,0.5,2.49,1.08,9.08
2010-08-01,SAP.DE,-0.016695266836431855,-0.04346603239639579,1,-0.03122766439708413,-0.006616859100865402,0.07058377821955009,0.038376400812722186,0.04888709647497964,0.026770765559963938,0.5,2.94,1.12,9.15
2010-09-01,SAP.DE,0.05311250086214625,0.04763718465769817,0,-0.016695266836431855,0.005189569628630264,0.02906889611819008,0.04508802221927272,0.03607173035619073,0.005475316204448077,0.5,2.86,1.14,8.8
2010-10-01,SAP.DE,0.03265822056552925,0.035332468918469084,1,0.05311250086214625,0.06907545459124365,0.05154858548678731,0.03588701885140538,0.037859643078795,-0.002674248352939834,0.5,2.69,1.14,8.97
2010-11-01,SAP.DE,-0.0408324560181168,-0.0681900465962687,1,0.03265822056552925,0.0449382654095587,0.038321406308693295,0.04940464224208274,0.040669699054770504,0.027357590578151902,0.5,2.96,1.1,8.88
2010-12-01,SAP.DE,0.060099701492577706,0.05350079730495727,1,-0.0408324560181168,0.051925466039990154,0.05711503566862042,0.052187506231465126,0.044445408711148666,0.006598904187620436,0.5,2.81,1.02,8.88
2011-01-01,SAP.DE,0.10813679019138389,0.0575797260535984,1,0.060099701492577706,0.1274040356658448,0.19647949025708844,0.07603365332387084,0.05423103603656144,0.05055706413778549,1.0,2.85,1.0,8.58
2011-02-01,SAP.DE,0.035528165430833925,0.02013123087091251,1,0.10813679019138389,0.20376465711479552,0.24870292252435422,0.036930869347807344,0.04860806384827569,0.015396934559921416,1.0,3.02,1.04,8.79
2011-03-01,SAP.DE,-0.011894014549713727,-0.03391208785688293,0,0.035528165430833925,0.1317709410725041,0.18369640711249424,0.06045421081353129,0.0525719408126049,0.022018073307169206,1.0,2.61,1.05,8.89
2011-04-01,SAP.DE,0.00694437420730365,0.034470351512154496,1,-0.011894014549713727,0.030578525088423847,0.15798256075426864,0.023877399236440913,0.05341352484263071,-0.027525977304850846,0.5,2.66,0.99,9.14
2011-05-01,SAP.DE,-0.0075859744515202054,-0.06371111586757994,0,0.00694437420730365,-0.012535614793930283,0.19122904232086524,0.009870622511567171,0.04630393331831067,0.05612514141605973,0.5,2.88,1.0,8.95
2011-06-01,SAP.DE,-0.019241478645219967,0.010332030915128243,1,-0.0075859744515202054,-0.019883078889436523,0.11188786218306757,0.013119201574856793,0.047930798182101386,-0.02957350956034821,0.5,2.77,1.02,9.27
2011-07-01,SAP.DE,0.045388978606944796,-0.06254450901939468,1,-0.019241478645219967,0.018561525510204624,0.04914005059862847,0.03444631677015656,0.02659859362120438,0.10793348762633947,0.5,3.01,0.97,8.35
2011-08-01,SAP.DE,-0.12933871171544298,-0.13791722603995893,1,0.045388978606944796,-0.10319121175371815,-0.11572682654764843,0.08834427212119182,0.058607198796963515,0.008578514324515951,0.5,2.72,0.98,8.79
2011-09-01,SAP.DE,0.008289185987272019,-0.053178065862649726,1,-0.12933871171544298,-0.07566054712122616,-0.09554362601066269,0.09205758940638549,0.0596857561370843,0.061467251849921745,1.0,2.56,0.98,8.54
2011-10-01,SAP.DE,0.13858833701292284,0.09430831729837075,1,0.008289185987272019,0.017538811284751876,0.0361003367949565,0.13398022890484404,0.08749248570810324,0.04428001971455209,1.0,3.07,0.93,9.09
2011-11-01,SAP.DE,0.017191829924819046,-0.022970644106400262,0,0.13858833701292284,0.1640693529250139,0.06087814117129575,0.07279450272316372,0.0873065881348453,0.04016247403121931,1.0,2.66,0.95,8.14
2011-12-01,SAP.DE,-0.07943668487228472,-0.005955932261275332,1,0.017191829924819046,0.07634348206545716,0.0006829349442309951,0.10924673295887874,0.09451959339082817,-0.07348075261100939,0.5,2.63,0.97,8.08
2012-01-01,SAP.DE,0.13072212757170676,0.04321506601244929,1,-0.07943668487228472,0.06847727262424108,0.08601608390899296,0.10519262078329909,0.1081340213653833,0.08750706155925747,1.0,2.24,1.03,8.1
2012-02-01,SAP.DE,0.0965577761040779,0.039496742936074414,1,0.13072212757170676,0.14784321880349993,0.31191257172851383,0.112774095469241,0.0849446333906087,0.05706103316800348,1.0,2.32,1.08,7.58
2012-03-01,SAP.DE,0.03376134399645525,-0.013864869227704912,1,0.0965577761040779,0.2610412476722399,0.33738472973769706,0.049179921967163434,0.08293680832673275,0.04762621322416016,1.0,2.35,1.01,8.01
2012-04-01,SAP.DE,-0.043353993199524155,-0.0689668086109515,1,0.03376134399645525,0.086965126901009,0.15544239952525007,0.07007789749742928,0.08001220552198876,0.025612815411427348,1.0,1.99,0.96,7.88
2012-05-01,SAP.DE,-0.07366748135648005,-0.081290130544312,0,-0.043353993199524155,-0.08326013055954895,0.06458308824395098,0.05538747649033274,0.0899699927785724,0.0076226491878319536,0.5,2.18,0.99,8.1
2012-06-01,SAP.DE,0.026967805875955708,0.06879856594714395,1,-0.07366748135648005,-0.0900536686800485,0.1709875789921914,0.05162609809293632,0.07837403163386744,-0.041830760071188244,0.5,1.88,1.02,8.1
2012-07-01,SAP.DE,0.11419068446557668,0.026934897377648648,0,0.026967805875955708,0.06749100898505234,0.15445613588606133,0.09400884892023194,0.07424332652034817,0.08725578708792803,1.0,1.83,1.04,8.5
2012-08-01,SAP.DE,0.010605286124430569,0.04944274963576567,1,0.11419068446557668,0.15176377646596295,0.068503645906414,0.055685870966180655,0.0656405622056687,-0.0388374635113351,1.0,1.65,1.23,8.17
2012-09-01,SAP.DE,0.051516912953772476,0.005551683340088598,0,0.010605286124430569,0.17631288354377972,0.08625921486373123,0.05217230682209207,0.06723034617018553,0.04596522961368388,1.0,2.04,1.26,7.66
2012-10-01,SAP.DE,0.01977891029620804,0.020120069844276944,1,0.051516912953772476,0.08190110937441109,0.14939211835946342,0.021467872907206847,0.06104371381855115,-0.00034115954806890336,1.0,1.56,1.32,7.51
2012-11-01,SAP.DE,0.06832720978866313,0.02860239910466289,0,0.01977891029620804,0.13962303303864365,0.2913868095046066,0.024653682199547867,0.03857980512568248,0.039724810684000245,1.0,1.25,1.37,7.87
2012-12-01,SAP.DE,0.01082607117005674,0.023562734352247316,0,0.06832720978866313,0.09893219125492791,0.27524507479870763,0.030939380661933233,0.04088117335143087,-0.012736663182190577,0.5,1.54,1.4,7.27
2013-01-01,SAP.DE,-0.005766923908394617,0.02543696174290666,1,0.01082607117005674,0.07338635705032526,0.15528746642473634,0.03888369211813431,0.028134340799051184,-0.031203885651301277,0.5,1.04,1.38,8.16
2013-02-01,SAP.DE,-0.00812081839771328,-0.02568643946396687,1,-0.005766923908394617,-0.0030616711360511584,0.1365613619025925,0.010326768849561276,0.031054940141542184,0.01756562106625359,1.0,1.26,1.42,7.92
2013-03-01,SAP.DE,0.044277441003362394,-0.0036187006588751514,0,-0.00812081839771328,0.030389698697254497,0.1293218899521824,0.02959604947441,0.029830705840820856,0.047896141662237546,1.0,0.76,1.38,7.37
2013-04-01,SAP.DE,-0.03503993739301148,0.03352870016764076,0,0.044277441003362394,0.0011166852126376359,0.07450304226296289,0.04033497876413429,0.037810549569848605,-0.06856863756065223,1.0,0.83,1.37,6.95
2013-05-01,SAP.DE,-0.03780484694065456,0.021253647705798295,1,-0.03503993739301148,-0.02856734333030364,-0.0316290144663548,0.04661257561825403,0.030552158484443894,-0.05905849464645285,0.5,1.09,1.35,7.82
2013-06-01,SAP.DE,-0.03050123819620132,-0.06031462975932278,0,-0.03780484694065456,-0.10334602252986735,-0.07295632383261286,0.003687528890232576,0.030854244061303663,0.02981339156312146,0.5,1.17,1.35,7.34
2013-07-01,SAP.DE,-0.0027314206379470685,0.06361348074882955,1,-0.03050123819620132,-0.07103750577480294,-0.06992082056216531,0.01850518260975471,0.03100454526943561,-0.06634490138677662,0.5,1.04,1.47,7.7
2013-08-01,SAP.DE,0.011575345633930034,-0.016899296211033366,0,-0.0027314206379470685,-0.021657313200218353,-0.050224656530521994,0.021394256375605807,0.03246182653311933,0.0284746418449634,0.5,0.98,1.37,6.81
2013-09-01,SAP.DE,-0.022528210726877496,0.06312253672197365,0,0.011575345633930034,-0.01368428573089453,-0.11703030826076188,0.017125268929460404,0.019766722463507545,-0.08565074744885115,0.5,0.95,1.41,7.07
2013-10-01,SAP.DE,0.05835010738738022,0.060418593826237155,1,-0.022528210726877496,0.04739724229443276,-0.023640263480370183,0.040604255184520294,0.0355530389795038,-0.0020684864388569313,1.0,0.73,1.33,7.22
2013-11-01,SAP.DE,0.05340471408595149,0.006091996839489244,1,0.05835010738738022,0.08922661074645422,0.06756929754623586,0.04533499076601431,0.037616907419070894,0.047312717246462244,1.0,0.91,1.3,7.2
2013-12-01,SAP.DE,0.022313554664727286,0.007244158113695276,0,0.05340471408595149,0.134068376138059,0.12038409040716447,0.019535225624472737,0.031585675868778515,0.01506939655103201,1.0,1.01,1.36,7.02
2014-01-01,SAP.DE,-0.09067579488053279,-0.0305693274565777,0,0.022313554664727286,-0.014957526129854015,0.03243971616457875,0.07582045279129074,0.05557501727456272,-0.06010646742395509,1.0,1.37,1.36,7.31
2014-02-01,SAP.DE,0.03282741717958104,0.044881160096491124,1,-0.09067579488053279,-0.03553482303622446,0.053691787710229755,0.06847162162142752,0.05671240535138094,-0.012053742916910082,0.5,1.29,1.31,6.78
2014-03-01,SAP.DE,0.004101246390227464,0.0039279815269823715,0,0.03282741717958104,-0.05374713131072428,0.08032124482733471,0.06462832690266183,0.05476495624621051,0.00017326486324509283,0.5,0.95,1.27,7.03
2014-04-01,SAP.DE,-0.012253249347260353,0.011636447933167648,0,0.004101246390227464,0.024675414222548153,0.009717888092694138,0.022821513656894308,0.05059826101286981,-0.023889697280428,0.5,1.45,1.31,7.09
2014-05-01,SAP.DE,-0.03239153629951408,0.014447958701143904,1,-0.012253249347260353,-0.04054353925654697,-0.07607836229277143,0.018279055959574346,0.044831138541966575,-0.04683949500065798,0.5,1.4,1.27,7.19
2014-06-01,SAP.DE,0.02272099762008395,-0.005042256959091107,1,-0.03239153629951408,-0.021923788026690483,-0.07567091933741477,0.027887093631711102,0.04489500816026477,0.027763254579175056,0.5,1.44,1.28,7.24
2014-07-01,SAP.DE,0.04361691757629682,-0.03491995044041496,0,0.02272099762008395,0.03394637889686669,0.058621793119414844,0.03926685609698201,0.028774085833140076,0.07853686801671178,1.0,1.8,1.28,6.68
2014-08-01,SAP.DE,0.005776304834651302,0.01833403611859108,0,0.04361691757629682,0.07211422003103207,0.031570680774485105,0.018954656670909495,0.026465452627354134,-0.012557731283939777,1.0,1.99,1.25,6.55
2014-09-01,SAP.DE,-0.035472840245605264,0.016799958014918293,0,0.005776304834651302,0.01392038216534286,-0.008003405861347623,0.0395571184804167,0.03130190191299672,-0.052272798260523556,1.0,2.08,1.36,7.38
2014-10-01,SAP.DE,-0.050087514768389574,-0.03490772139120191,1,-0.035472840245605264,-0.07978405017934354,-0.045837671282476844,0.02897081008503805,0.0371971936193006,-0.015179793377187667,0.5,1.84,1.39,7.1
2014-11-01,SAP.DE,0.04498505792712382,0.04420035854320825,1,-0.050087514768389574,-0.04057529708687102,0.03153892294416105,0.05119546882411213,0.040192033920441864,0.0007846993839155658,0.5,2.06,1.29,6.78
2014-12-01,SAP.DE,0.027875909933362086,-0.032144648515159635,0,0.04498505792712382,0.02277345309209633,0.03669383525743919,0.05067841850867389,0.040692009684540634,0.06002055844852172,0.5,2.3,1.3,7.47
2015-01-01,SAP.DE,-0.006865743907495947,0.06515638810323932,1,0.027875909933362086,0.06599522395298996,-0.013788826226353579,0.02642035549711445,0.03637751733579274,-0.07202213201073526,0.5,2.53,1.26,7.05
2015-02-01,SAP.DE,0.08606971220395265,0.07386677455716995,1,-0.006865743907495947,0.10707987822981879,0.06650458114294777,0.04695831509070849,0.05154763603022911,0.012202937646782708,0.5,2.35,1.31,7.38
2015-03-01,SAP.DE,0.07463400833394362,0.027335338375243046,1,0.08606971220395265,0.15383797663040033,0.17661142972249666,0.050678700228435125,0.05125670767256692,0.04729866995870058,0.5,2.5,1.27,7.06
2015-04-01,SAP.DE,0.00592333462833694,-0.022121014749412082,1,0.07463400833394362,0.16662705516623322,0.23262227911922317,0.043350074668474764,0.03699276296502948,0.028044349377749023,1.0,2.41,1.26,7.68
2015-05-01,SAP.DE,-0.007949348093372777,-0.01239356716454898,0,0.00592333462833694,0.07260799486890779,0.17968787309872658,0.044222201750132875,0.041278141329239834,0.004444219071176203,1.0,2.47,1.29,7.6
2015-06-01,SAP.DE,-0.05607198829900073,-0.04102184376156981,0,-0.007949348093372777,-0.058098001764036566,0.09573997486636376,0.03253628715532448,0.0542955328433734,-0.01505014453743092,0.5,2.95,1.33,7.03
2015-07-01,SAP.DE,0.04249202696087262,0.05151122567033517,1,-0.05607198829900073,-0.021529309431500887,0.14509774573473233,0.04928655313888345,0.05388368246124466,-0.00901919870946255,0.5,3.12,1.27,7.42
2015-08-01,SAP.DE,-0.0807538950779425,-0.09194350637824,1,0.04249202696087262,-0.09433385641607062,-0.021725861547162828,0.0652094304601088,0.05841348505644638,0.011189611300297497,0.5,2.89,1.25,7.35
2015-09-01,SAP.DE,-0.034005875053203405,-0.05167556175874022,1,-0.0807538950779425,-0.07226774317027329,-0.13036574493430986,0.06221851772581624,0.04448139263772249,0.017669686705536813,0.5,3.15,1.23,7.6
2015-10-01,SAP.DE,0.24037989035447493,0.10241659595992036,1,-0.034005875053203405,0.12562012022332902,0.10409081079182814,0.17349343588963476,0.11718967446736013,0.13796329439455457,1.0,3.05,1.2,6.93
2015-11-01,SAP.DE,0.03770152397472426,0.02580867033733858,1,0.24037989035447493,0.2440755392759958,0.14974168285992517,0.14230719092399627,0.11669964238848314,0.01189285363738568,1.0,2.87,1.28,7.46
2015-12-01,SAP.DE,-0.016221828285567175,-0.06814012319233964,1,0.03770152397472426,0.261859586043632,0.18959184287335873,0.13529639692564818,0.11221351370732797,0.051918294906772466,1.0,3.07,1.3,7.61
2016-01-01,SAP.DE,-0.00258931856482969,-0.06807301265518617,0,-0.016221828285567175,0.018890377124327395,0.14451049734765642,0.02803844156635842,0.11284572892362235,0.06548369409035648,1.0,3.3,1.24,6.81
2016-02-01,SAP.DE,-0.044404893495959885,-0.032623037422002565,0,-0.00258931856482969,-0.06321604034635675,0.18085949892963904,0.0213255433411053,0.10691141185680567,-0.01178185607395732,0.5,2.97,1.29,7.03
2016-03-01,SAP.DE,0.016585471201846724,0.020089936905923755,0,-0.044404893495959885,-0.03040874085894285,0.23145084518468917,0.031187709799931906,0.10275443771016385,-0.003504465704077031,0.5,3.25,1.39,6.81
2016-04-01,SAP.DE,-0.03909979899584348,0.007747278581023309,1,0.016585471201846724,-0.06691922128995664,-0.04802884416562925,0.03378564273626776,0.0318824787340919,-0.04684707757686679,0.5,2.37,1.45,7.39
2016-05-01,SAP.DE,0.06791576932467613,0.01164715128284266,1,-0.03909979899584348,0.045401441530679376,-0.017814598815677374,0.053522550831918946,0.04148536461833775,0.056268618041833474,1.0,3.0,1.37,7.74
2016-06-01,SAP.DE,-0.06377807266291491,-0.06487393144445008,1,0.06791576932467613,-0.03496210233408226,-0.06537084319302511,0.07000549629803271,0.04847750205153834,0.001095858781535175,1.0,2.79,1.35,8.02
2016-07-01,SAP.DE,0.16751054137146038,0.04399003747664376,0,-0.06377807266291491,0.1716482380332216,0.10472901674326496,0.11601494847536223,0.0879631907383311,0.12352050389481661,1.0,2.64,1.41,7.65
2016-08-01,SAP.DE,0.00446376473008292,0.01082329339070287,1,0.16751054137146038,0.10819623343862839,0.15359767496930776,0.11883856187131754,0.08322467436867154,-0.006359528660619951,1.0,2.63,1.37,8.16
2016-09-01,SAP.DE,0.027425032130675042,-0.006910021529968335,0,0.00446376473008292,0.19939933823221834,0.16443723589813608,0.08825665326481519,0.08310743270281504,0.03433505366064338,1.0,2.12,1.4,7.32
2016-10-01,SAP.DE,-0.00840335043249274,0.01765681955408449,0,0.027425032130675042,0.023485446428265222,0.19513368446148682,0.018149634754548845,0.07903980915837021,-0.02606016998657723,0.5,2.38,1.43,7.27
2016-11-01,SAP.DE,-0.0169492394749714,-0.0011913567066933473,0,-0.00840335043249274,0.002072442223210902,0.11026867566183929,0.023543510065234252,0.07903270776666889,-0.015757882768278053,0.5,2.39,1.39,7.82
2016-12-01,SAP.DE,0.0498223678521279,0.07828978922579855,1,-0.0169492394749714,0.024469777944663762,0.2238691161768821,0.036335735473338744,0.06829217165413332,-0.028467421373670643,0.5,2.51,1.38,8.01
2017-01-01,SAP.DE,0.02197813817736094,-0.01818560213444609,1,0.0498223678521279,0.05485126655451744,0.07833671298278266,0.03353875718755045,0.02478904622146667,0.04016374031180703,0.5,2.0,1.22,7.94
2017-02-01,SAP.DE,0.039229656399322854,0.027526767634975524,0,0.02197813817736094,0.1110301624288117,0.1131026046520226,0.014054190022114613,0.026390396152663743,0.01170288876434733,1.0,1.82,1.17,7.39
2017-03-01,SAP.DE,0.04582143903962077,0.05462081941893149,0,0.039229656399322854,0.10702923361630456,0.13149901156096833,0.012312388580530373,0.028564914808295084,-0.008799380379310717,0.5,1.77,1.16,8.04
2017-04-01,SAP.DE,0.0009782693961233324,0.01675559276975025,1,0.04582143903962077,0.08602936483506696,0.1408806313895844,0.02421270351737201,0.02677393804682649,-0.015777323373626917,0.5,1.95,1.1,7.73
2017-05-01,SAP.DE,0.03660274248802131,-0.0014046561195373286,1,0.0009782693961233324,0.08340245092376541,0.1944326133525771,0.023681910511546268,0.01813240943252453,0.03800739860755864,0.5,1.72,1.18,8.38
2017-06-01,SAP.DE,-0.029035815821438216,-0.03170835519462378,0,0.03660274248802131,0.008545196062706428,0.11557442967901099,0.03285921669655438,0.02856278585064117,0.0026725393731855673,0.5,1.45,1.11,8.34
2017-07-01,SAP.DE,-0.01935485151179328,0.0021732962404437117,0,-0.029035815821438216,-0.011787924845210185,0.07424143998985677,0.035433961423933874,0.032491060188997195,-0.021528147752236992,1.0,1.56,1.08,8.0
2017-08-01,SAP.DE,-0.017618162559089545,-0.008085597284765877,1,-0.01935485151179328,-0.06600882989232104,0.017393621031444373,0.006152234885284343,0.0313623582180032,-0.009532565274323668,0.5,1.38,1.09,8.18
2017-09-01,SAP.DE,0.052099829979714185,0.05067416298775651,1,-0.017618162559089545,0.01512681590883136,0.023672011971537787,0.040762290741999725,0.0331354932266274,0.0014256669919576748,0.5,1.48,1.16,8.07
2017-10-01,SAP.DE,0.05361954239180333,0.022003658390984393,0,0.052099829979714185,0.08810120981242797,0.07631328496721779,0.04069749913718411,0.038695419160937286,0.03161588400081894,0.5,1.07,1.09,8.42
2017-11-01,SAP.DE,-0.030821113277083367,-0.0283128569832779,1,0.05361954239180333,0.07489825909443415,0.008889429202113108,0.04831910713545241,0.040135537465000516,-0.0025082562938054664,0.5,1.08,1.15,8.78
2017-12-01,SAP.DE,-0.012678344424720156,-0.01847934608419821,0,-0.030821113277083367,0.010120084689999809,0.025246900598831168,0.044449960981906955,0.0381546973479623,0.005801001659478056,0.5,1.01,1.15,8.24
2018-01-01,SAP.DE,-0.028036386753742093,0.03006029729198678,0,-0.012678344424720156,-0.07153584445554562,0.016565365356882356,0.009770569990368004,0.03937215377346843,-0.058096684045728875,0.5,0.76,1.1,8.74
2018-02-01,SAP.DE,-0.05097439592647024,-0.047192128169683656,1,-0.028036386753742093,-0.09168912710493249,-0.01679086801049834,0.01927264594190797,0.044805285846043735,-0.0037822677567865837,0.5,1.08,1.12,8.47
2018-03-01,SAP.DE,-0.014269133460406258,-0.02252424041493739,1,-0.05097439592647024,-0.09327991614061859,-0.08315983145061878,0.01854258980812208,0.035836238729715954,0.008255106954531133,0.5,1.06,1.13,8.43
2018-04-01,SAP.DE,0.08767798924401604,0.05206604775583812,1,-0.014269133460406258,0.022434459857139544,-0.04910138459840607,0.07183891242898709,0.048957784064645925,0.03561194148817792,0.5,1.0,1.1,8.68
2018-05-01,SAP.DE,0.04241509188392256,-0.03672257373640253,1,0.08767798924401604,0.11582394766753235,0.024134820562599857,0.051080079463569655,0.05126044251233219,0.07913766562032509,0.5,0.96,1.11,8.44
2018-06-01,SAP.DE,0.04214043894885333,-0.003243598551144866,0,0.04241509188392256,0.17223352007679193,0.07895360393617334,0.026212191179390748,0.05255735408439793,0.0453840374999982,1.0,0.75,1.09,8.62
2018-07-01,SAP.DE,0.009095476989029239,0.038252411603998615,1,0.04214043894885333,0.09365100782180513,0.11608546767894468,0.01915829533955181,0.04878737272955285,-0.029156934614969376,1.0,0.98,1.09,8.46
2018-08-01,SAP.DE,0.03775676673141248,-0.03760898151970371,1,0.009095476989029239,0.08899268266929505,0.2048166303368274,0.01794740288887235,0.03459061637830253,0.0753657482511162,1.0,1.04,1.13,9.44
2018-09-01,SAP.DE,0.022968557278095547,0.0018568330954216172,0,0.03775676673141248,0.06982080099853727,0.2420543210753292,0.01433307960185625,0.02658229904565469,0.02111172418267393,1.0,1.0,1.21,8.89
2018-10-01,SAP.DE,-0.10698112126689407,-0.0593345329205236,0,0.022968557278095547,-0.046255797257386044,0.04739521056441909,0.07963946500217046,0.057760346865665536,-0.04764658834637048,1.0,1.2,1.14,8.69
2018-11-01,SAP.DE,-0.03951000930732207,-0.007624722636884629,1,-0.10698112126689407,-0.1235225732961206,-0.03452989062682554,0.06499082138473564,0.05765232797689483,-0.03188528667043744,1.0,1.39,1.25,8.99
2018-12-01,SAP.DE,-0.04388457771839083,-0.05411375117910555,0,-0.03951000930732207,-0.19037570829260697,-0.1205549072940697,0.03775504735708049,0.05393600921740472,0.010229173460714724,0.5,1.77,1.15,8.91
2019-01-01,SAP.DE,0.038191564548114565,0.05264508595215678,0,-0.04388457771839083,-0.04520302247759833,-0.09145881973498438,0.04617568724943644,0.058222781932909334,-0.014453521404042213,0.5,1.52,1.15,8.9
2019-02-01,SAP.DE,0.04376722466602834,0.04394149613342058,1,0.038191564548114565,0.038074211495752075,-0.08544836180036852,0.04907548535392421,0.05935768480966355,-0.00017427146739223964,0.5,1.63,1.18,9.16
2019-03-01,SAP.DE,0.09341834156202622,0.01620549957056694,1,0.04376722466602834,0.17537713077616912,-0.01499857751643785,0.030403723165962383,0.07347859077906625,0.07721284199145928,0.5,1.67,1.19,9.21
2019-04-01,SAP.DE,0.11242729974252086,0.04860508759667037,1,0.09341834156202622,0.24961286597057541,0.20440984349297708,0.03545132768937679,0.06521357139334677,0.06382221214585049,1.0,1.41,1.16,8.84
2019-05-01,SAP.DE,-0.03630658360968453,-0.06663314319565228,1,0.11242729974252086,0.16953905769486255,0.20761326919061462,0.08094408024364844,0.06449991588023375,0.03032655958596775,1.0,1.9,1.15,8.83
2019-06-01,SAP.DE,0.10836045481249323,0.058913012560207534,0,-0.03630658360968453,0.18448117094532956,0.3598583017214987,0.08472195631451959,0.05695297437850042,0.0494474422522857,1.0,2.03,1.12,8.92
2019-07-01,SAP.DE,-0.0748592364108066,-0.00196904267950615,0,0.10836045481249323,-0.002805365207997901,0.24680750076257751,0.0965956471550427,0.07974232494775754,-0.07289019373130046,0.5,2.62,1.09,8.31
2019-08-01,SAP.DE,-0.02792694426074438,-0.011563836555185225,0,-0.0748592364108066,0.005574274140942248,0.1751133318358048,0.0951720813794396,0.08449861550205076,-0.016363107705559155,0.5,2.2,1.14,8.54
2019-09-01,SAP.DE,-0.006629866060920198,0.041639899204966246,1,-0.02792694426074438,-0.10941604673247118,0.07506512421285838,0.03490809973976945,0.07897936402824164,-0.048269765265886444,0.5,2.41,1.15,9.39
2019-10-01,SAP.DE,0.10122368114184077,0.009794215191621491,1,-0.006629866060920198,0.0666668708201762,0.0638615056121783,0.06924092867895702,0.07622919270687692,0.09142946595021928,1.0,2.44,1.12,9.47
2019-11-01,SAP.DE,0.03939391388621716,0.027513564892398312,0,0.10122368114184077,0.13398772896713773,0.13956200310807998,0.054119460584471965,0.0731048809216334,0.011880348993818846,1.0,2.31,1.16,8.88
2019-12-01,SAP.DE,-0.025591310768644404,0.011224227191489744,1,0.03939391388621716,0.11502628425941352,0.005610237526942341,0.06341403855559617,0.06144193695447723,-0.03681553796013415,0.5,2.87,1.18,9.11
2020-01-01,SAP.DE,-0.020777887429887287,-0.027833329226459202,1,-0.025591310768644404,-0.006975284312314534,0.05969158650786166,0.03620979181866343,0.05121478619404818,0.007055441796571915,0.5,2.87,1.22,9.01
2020-02-01,SAP.DE,-0.05313193983215447,-0.08553354227173882,1,-0.020777887429887287,-0.09950113803068616,0.03448659093645157,0.017456803832606362,0.05577362673641225,0.03240160243958434,0.5,2.95,1.25,9.82
2020-03-01,SAP.DE,-0.07852262519702535,-0.16296492540361418,1,-0.05313193983215447,-0.1524324524590671,-0.03740616819965359,0.0289422596156038,0.06578807186162175,0.08444230020658883,1.0,2.67,1.21,9.21
2020-04-01,SAP.DE,0.05972758266028455,0.05060462673175681,1,-0.07852262519702535,-0.07192698236889528,-0.07890226668120981,0.07359243472566616,0.05321111060335102,0.009122955928527743,1.0,3.19,1.18,8.8
2020-05-01,SAP.DE,0.041857872206894964,0.04175988578481382,1,0.05972758266028455,0.02306282967015416,-0.076438308360532,0.0751929857982031,0.053704943142495104,9.798642208114217e-05,1.0,2.67,1.22,8.52
2020-06-01,SAP.DE,0.1112631127310797,0.06028133241457101,1,0.041857872206894964,0.2128485675982592,0.060416115139192095,0.03603776913088486,0.07281637314990275,0.050981780316508685,1.0,3.1,1.25,8.29
2020-07-01,SAP.DE,0.07609404709896994,-0.01847517176098501,1,0.1112631127310797,0.2292150320369446,0.15728804966804932,0.034703665178422494,0.07530577727912975,0.09456921885995495,1.0,3.43,1.25,8.8
2020-08-01,SAP.DE,0.03184316768282747,0.030932590063924792,0,0.07609404709896994,0.2192003275128771,0.24226315718303126,0.039796421903660784,0.06463301575691262,0.0009105776189026749,1.0,2.8,1.26,8.47
2020-09-01,SAP.DE,-0.03824963519215574,-0.02410990405172231,0,0.03184316768282747,0.06968757958964167,0.2825361471879009,0.057656481312261754,0.050322611280453663,-0.014139731140433431,1.0,2.88,1.32,8.23
2020-10-01,SAP.DE,-0.31086170853327044,-0.07370973242391443,0,-0.03824963519215574,-0.3172681760425987,-0.08805314400565412,0.18105108658815222,0.15345466004564226,-0.237151976109356,0.5,2.99,1.29,8.42
2020-11-01,SAP.DE,0.11465734170768971,0.1806261506724367,1,-0.31086170853327044,-0.23445400201773647,-0.015253674504859371,0.21554749988264768,0.1614864297214888,-0.065968808964747,0.5,2.84,1.32,8.25
2020-12-01,SAP.DE,0.051382596630449306,0.017208064286575064,0,0.11465734170768971,-0.14482177019513143,-0.07513419060548976,0.22959787023769213,0.15475654896266688,0.03417453234387424,0.5,2.58,1.31,9.03
2021-01-01,SAP.DE,-0.022570448447142177,-0.020041420837676238,0,0.051382596630449306,0.14346948989099684,-0.17379868615160188,0.06868310397715079,0.14857563433373785,-0.002529027609465939,0.5,2.85,1.3,8.74
2021-02-01,SAP.DE,-0.0261450936436034,0.04452180781765591,0,-0.022570448447142177,0.002667054539703728,-0.23178694747803275,0.04376523301236256,0.14568686046659035,-0.07066690146125931,0.5,2.56,1.35,8.42
2021-03-01,SAP.DE,0.023123674700594288,0.07776012366146756,1,-0.0261450936436034,-0.02559186739015129,-0.17041363758528272,0.027471629343364817,0.14785739063485517,-0.054636448960873274,0.5,2.79,1.39,8.82
2021-04-01,SAP.DE,0.11817674583006399,0.014168679364039871,0,0.023123674700594288,0.11515532688705488,0.2586248167780517,0.07336131043717946,0.06376851352576482,0.10400806646602412,0.5,2.42,1.43,8.34
2021-05-01,SAP.DE,-0.027749332936449433,0.016282818715724012,1,0.11817674583006399,0.11355108759420884,0.11621814213391257,0.07406930279739538,0.05805605212110562,-0.044032151652173446,0.5,2.82,1.5,8.01
2021-06-01,SAP.DE,0.0643573679262388,0.00614935861002075,1,-0.027749332936449433,0.15478478081985336,0.12919291342970207,0.07379542696528717,0.05970516469471594,0.05820800931621806,0.5,2.26,1.5,8.67
2021-07-01,SAP.DE,0.01682937267645479,0.006151120660298881,1,0.0643573679262388,0.05343740766624416,0.16859273455329904,0.046061219535154595,0.05593189767400394,0.010678252016155909,0.5,2.25,1.53,8.32
2021-08-01,SAP.DE,0.05478327191222676,0.026192772881160842,0,0.01682937267645479,0.13597001251492036,0.2495211001091292,0.02513653421532154,0.0496386582633615,0.02859049903106592,1.0,2.36,1.52,7.79
2021-09-01,SAP.DE,-0.0830064170131094,-0.035346897133990085,1,0.05478327191222676,-0.01139377242442785,0.1433910083954255,0.07117312430999846,0.0715895373032467,-0.047659519879119316,1.0,1.84,1.53,7.99
2021-10-01,SAP.DE,0.0722107535153036,0.050018768542378966,0,-0.0830064170131094,0.04398760841442095,0.09742501608066512,0.08503145056978717,0.06118635498178603,0.022191984972924628,1.0,2.02,1.53,7.73
2021-11-01,SAP.DE,-0.09687201776534249,-0.04411183406782215,1,0.0722107535153036,-0.1076676812631483,0.02830233125177206,0.09387368148653281,0.07587021527314748,-0.052760183697520335,0.5,2.13,1.53,7.52
2021-12-01,SAP.DE,0.10355188348099831,0.05792434624697762,0,-0.09687201776534249,0.07889061923095941,0.06749684680653156,0.10781232935234639,0.08335078787663752,0.04562753723402069,0.5,1.43,1.56,8.15
2022-01-01,SAP.DE,-0.11609282400875709,-0.02880368650109555,0,0.10355188348099831,-0.10941295829310127,-0.06542534987868032,0.12164358944042915,0.0979560886522859,-0.08728913750766154,0.5,1.69,1.52,8.39
2022-02-01,SAP.DE,-0.08224633935346581,-0.059974635014277355,1,-0.11609282400875709,-0.0947872798812246,-0.2024549611443729,0.11825844695709642,0.09552204718811114,-0.02227170433918846,0.5,1.6,1.63,7.35
2022-03-01,SAP.DE,-0.0019739783817606105,-0.00553228558100638,0,-0.08224633935346581,-0.2003131417439835,-0.1214225225130241,0.05861221059746696,0.0928549792670557,0.0035583071992457693,0.5,1.6,1.58,7.88
2022-04-01,SAP.DE,-0.03520574773512297,-0.025537322450775224,0,-0.0019739783817606105,-0.1194260654703494,-0.22883902376345067,0.04033364949627578,0.08107359946760806,-0.009668425284347748,1.0,1.11,1.51,7.46
2022-05-01,SAP.DE,-0.048892969517205453,-0.0035894421826705436,1,-0.03520574773512297,-0.08607269563408904,-0.18085997551531363,0.02412841431326344,0.07635068910981807,-0.04530352733453491,1.0,1.01,1.57,7.46
2022-06-01,SAP.DE,-0.037378269084028304,-0.08823735210304962,0,-0.048892969517205453,-0.12147698633635673,-0.32179012808034024,0.007355816464871126,0.04003712052720382,0.05085908301902131,0.5,1.31,1.61,7.38
2022-07-01,SAP.DE,0.04313810151966746,0.0732996365584686,0,-0.037378269084028304,-0.0431331370815663,-0.1625592025519157,0.05014178612935435,0.04301652197985475,-0.030161535038801146,0.5,1.2,1.64,7.25
2022-08-01,SAP.DE,-0.06329949319800432,-0.05146843198134787,1,0.04313810151966746,-0.057539660762365163,-0.1436123563964542,0.05550338933200692,0.038629787010520264,-0.011831061216656447,0.5,1.14,1.67,7.47
2022-09-01,SAP.DE,-0.009653829804274316,-0.05659252223416733,1,-0.06329949319800432,-0.029815221482611176,-0.1512922078189679,0.05321936800192913,0.037876461086352224,0.046938692429893014,0.5,1.12,1.67,7.16
2022-10-01,SAP.DE,0.1610793852227863,0.09021158829952625,0,-0.009653829804274316,0.08812606222050767,0.044992925138941375,0.11717050894302275,0.08409250858190404,0.07086779692326006,1.0,0.88,1.63,7.45
2022-11-01,SAP.DE,0.0695197718901257,0.09597127547774087,0,0.1610793852227863,0.2209453273086377,0.16340566654627253,0.0854414543341095,0.08208213543634679,-0.026451503587615166,1.0,1.05,1.63,7.31
2022-12-01,SAP.DE,-0.07725442092542911,-0.043155596052167344,1,0.0695197718901257,0.1533447361874829,0.12352951470487172,0.12022813704466126,0.08962753351263698,-0.03409882487326177,1.0,1.06,1.6,7.21
2023-01-01,SAP.DE,0.12439047361704203,0.09748737793998807,0,-0.07725442092542911,0.11665582458173862,0.2047818868022463,0.10425459308803152,0.0993293054258417,0.026903095677053956,0.5,0.87,1.65,6.97
2023-02-01,SAP.DE,-0.008304081306138578,0.01799701785417329,1,0.12439047361704203,0.03883197138547434,0.25977729869411204,0.1024879324074472,0.09070345368289845,-0.02630109916031187,0.5,1.4,1.64,7.04
2023-03-01,SAP.DE,0.07982879203028115,0.018089440775687082,1,-0.008304081306138578,0.1959151843411846,0.3492599205286675,0.06752899591364962,0.0875579590465717,0.061739351254594066,0.5,1.16,1.6,7.4
2023-04-01,SAP.DE,0.05859040229571355,0.010257182630469153,1,0.07982879203028115,0.13011511301985612,0.24677093760159474,0.04599518905532266,0.07211012032521079,0.0483332196652444,1.0,0.87,1.58,7.3
2023-05-01,SAP.DE,-0.005534692079028569,-0.03240650874391382,0,0.05859040229571355,0.13288450224696613,0.17171647363244047,0.04444101211412594,0.07270745874714372,0.02687181666488525,1.0,1.3,1.6,6.83
2023-06-01,SAP.DE,0.041687289166239205,0.04292273259874979,0,-0.005534692079028569,0.09474299938292419,0.2906581837241088,0.03323566978103947,0.05105980527056112,-0.0012354434325105856,1.0,1.04,1.58,7.12
2023-07-01,SAP.DE,-0.005913340528127087,0.016417081125623456,1,0.041687289166239205,0.03023925655908355,0.16035436957893967,0.027373584696067245,0.03845067548949111,-0.022330421653750543,1.0,1.47,1.53,7.3
2023-08-01,SAP.DE,0.0355306072251631,-0.038959542735733876,0,-0.005913340528127087,0.07130455586327522,0.20418905811024135,0.025888625189457223,0.03441646091613496,0.07449014996089698,1.0,1.63,1.55,6.55
2023-09-01,SAP.DE,-0.04657669306278078,-0.028495828807539092,1,0.0355306072251631,-0.016959426365744767,0.07778357301717942,0.0410542685667592,0.03913999850037795,-0.01808086425524169,1.0,1.33,1.56,7.2
2023-10-01,SAP.DE,0.0319165965819832,-0.027197432800012744,1,-0.04657669306278078,0.020870510744365522,0.05110976730344907,0.04639659892844232,0.03411317622904422,0.05911402938199595,1.0,1.78,1.53,6.82
2023-11-01,SAP.DE,0.14786178613949374,0.0791284395396803,0,0.0319165965819832,0.13320168965869617,0.20450624552197139,0.09781854433531267,0.06498602863514719,0.06873334659981345,1.0,1.78,1.51,7.18
2023-12-01,SAP.DE,-0.041242744942197485,0.03175827345696236,1,0.14786178613949374,0.13853563777927946,0.1215762114135347,0.09535556259722963,0.07153468864890994,-0.07300101839915984,1.0,1.97,1.52,6.78
2024-01-01,SAP.DE,0.1528534781325135,0.02803180315537035,1,-0.041242744942197485,0.25947251932980975,0.28034303007417527,0.11064868162827145,0.08749861335271247,0.12482167497714314,1.0,2.29,1.45,6.46
2024-02-01,SAP.DE,0.07512440222935002,0.049343886499922274,1,0.1528534781325135,0.18673513541966602,0.3199368250783622,0.09768697114889674,0.08797734049032963,0.025780515729427744,0.5,1.98,1.38,6.51
2024-03-01,SAP.DE,0.043845375881282456,0.042160639292197155,0,0.07512440222935002,0.27182325624314596,0.4103588940224254,0.056129245327870565,0.07409086655980723,0.0016847365890853006,1.0,1.99,1.34,7.02
2024-04-01,SAP.DE,-0.05962538957120733,-0.031907595580147,0,0.043845375881282456,0.05934438853942514,0.3188169078692349,0.07052432580665674,0.09067395878500616,-0.027717793991060335,1.0,2.07,1.33,7.09
2024-05-01,SAP.DE,-0.02203884843860937,0.01268988265204718,1,-0.05962538957120733,-0.03781886212853425,0.14891627329113177,0.05237632797341191,0.08121099814383982,-0.03472873109065655,1.0,2.19,1.35,6.75
2024-06-01,SAP.DE,0.1564087532540983,-0.017988731948367254,1,-0.02203884843860937,0.0747445152442816,0.34656777148742757,0.11541739144691054,0.08878814247175229,0.17439748520246556,1.0,2.44,1.42,7.22
2024-07-01,SAP.DE,0.029020742088370577,-0.004307313423498993,0,0.1564087532540983,0.16339064690385952,0.22273503544328466,0.09190423795398997,0.07568937787481227,0.03332805551186957,1.0,2.62,1.46,6.54
2024-08-01,SAP.DE,0.01384471781801011,0.017451485157840674,1,0.029020742088370577,0.199274213160479,0.16145535103194475,0.07829700005027473,0.07364272440556395,-0.0036067673398305633,1.0,2.7,1.46,7.04
2024-09-01,SAP.DE,0.03378506708102491,0.008566031934589269,1,0.01384471781801011,0.0766505269874056,0.1513950422316872,0.010413357079741432,0.07329369684807371,0.025219035146435642,1.0,2.89,1.46,6.72
2024-10-01,SAP.DE,0.050880689314437566,-0.03456095066440312,1,0.03378506708102491,0.09851047421347259,0.2619011211173321,0.018536185390395834,0.060467397904739636,0.08544163997884069,1.0,2.8,1.41,6.91
2024-11-01,SAP.DE,0.04702044729721533,-0.004811880991841155,1,0.050880689314437566,0.1316862036926778,0.3309604168531568,0.00896601971748697,0.051347786625840316,0.051832328289056484,1.0,3.15,1.4,7.15
